INSERT INTO USERS (ID, LOGIN, PASSWORD, USER_NAME, EMAIL, DATE_OF_REGISTRATION, DESCRIPTION) VALUES (1, 'admin', 'admin', 'admin', 'admin@dev-blogs.com', '2016-07-01', 'Java developer');
INSERT INTO USERS (ID, LOGIN, PASSWORD, USER_NAME, EMAIL, DATE_OF_REGISTRATION, DESCRIPTION) VALUES (2, 'user', 'user', 'user', 'user@dev-blogs.com', '2016-01-20', 'C++ developer');
INSERT INTO USERS (ID, LOGIN, PASSWORD, USER_NAME, EMAIL, DATE_OF_REGISTRATION, DESCRIPTION) VALUES (3, 'admin2', 'admin2', 'admin2', 'admin2@dev-blogs.com', '2016-03-03', 'QA automatizator');
INSERT INTO USERS (ID, LOGIN, PASSWORD, USER_NAME, EMAIL, DATE_OF_REGISTRATION, DESCRIPTION) VALUES (4, 'user4', 'user4', 'user4', 'user4@dev-blogs.com', '2016-07-10', 'QA manual');
INSERT INTO USERS (ID, LOGIN, PASSWORD, USER_NAME, EMAIL, DATE_OF_REGISTRATION, DESCRIPTION) VALUES (5, 'user5', 'user5', 'user5', 'user5@dev-blogs.com', '2016-05-01', 'PM');

INSERT INTO ROLES (ID, USER_ROLE, DESCRIPTION) VALUES (1, 'ROLE_ADMIN', 'admin role');
INSERT INTO ROLES (ID, USER_ROLE, DESCRIPTION) VALUES (2, 'ROLE_USER', 'user role');

INSERT INTO USERS_ROLES (USERS_ID, ROLES_ID) VALUES (1, 1);
INSERT INTO USERS_ROLES (USERS_ID, ROLES_ID) VALUES (2, 2);
INSERT INTO USERS_ROLES (USERS_ID, ROLES_ID) VALUES (3, 1);
INSERT INTO USERS_ROLES (USERS_ID, ROLES_ID) VALUES (4, 2);
INSERT INTO USERS_ROLES (USERS_ID, ROLES_ID) VALUES (5, 2);

INSERT INTO warehouses (address) VALUES ('ul. one, 5');
INSERT INTO warehouses (address) VALUES ('ul. two, 4');
INSERT INTO warehouses (address) VALUES ('ul. three, 7');

INSERT INTO categories (id, name) VALUES (1, 'Computers');
INSERT INTO categories (id, name) VALUES (2, 'Phones');
INSERT INTO categories (id, name) VALUES (3, 'Office');
INSERT INTO categories (id, name) VALUES (4, 'For home');
INSERT INTO categories (id, name) VALUES (5, 'Fishing');
 
INSERT INTO items (name, price, category_id, warehouse_id) VALUES ('Cellphone samsung', 200.00, 2, 1);
INSERT INTO items (name, price, category_id, warehouse_id) VALUES ('Cellphone IPhone', 200.00, 2, 1);
INSERT INTO items (name, price, category_id, warehouse_id) VALUES ('Notebook DELL', 200.00, 1, 1);
INSERT INTO items (name, price, category_id, warehouse_id) VALUES ('Notebook Apple', 200.00, 1, 1);
INSERT INTO items (name, price, category_id, warehouse_id) VALUES ('Notebook HP', 200.00, 1, 1);
INSERT INTO items (name, price, category_id, warehouse_id) VALUES ('Printer HP', 200.00, 3, 1);
INSERT INTO items (name, price, category_id, warehouse_id) VALUES ('Printer Lexmark', 200.00, 3, 1);
INSERT INTO items (name, price, category_id, warehouse_id) VALUES ('Scanner HP', 200.00, 3, 1);
INSERT INTO items (name, price, category_id, warehouse_id) VALUES ('Printer paper', 200.00, 3, 1);
INSERT INTO items (name, price, category_id, warehouse_id) VALUES ('Scanner Acer', 200.00, 3, 1);
INSERT INTO items (name, price, category_id, warehouse_id) VALUES ('green plates', 200.00, 4, 1);
INSERT INTO items (name, price, category_id, warehouse_id) VALUES ('red plates', 200.00, 4, 1);
INSERT INTO items (name, price, category_id, warehouse_id) VALUES ('yellow plates', 200.00, 4, 1);
INSERT INTO items (name, price, category_id, warehouse_id) VALUES ('grey plates', 200.00, 4, 1);
INSERT INTO items (name, price, category_id, warehouse_id) VALUES ('large scissors', 200.00, 4, 2);
INSERT INTO items (name, price, category_id, warehouse_id) VALUES ('small scissors', 200.00, 4, 2);
INSERT INTO items (name, price, category_id, warehouse_id) VALUES ('red spoon', 200.00, 4, 2);
INSERT INTO items (name, price, category_id, warehouse_id) VALUES ('grey spoon', 200.00, 4, 2);
INSERT INTO items (name, price, category_id, warehouse_id) VALUES ('green spoon', 200.00, 4, 2);
INSERT INTO items (name, price, category_id, warehouse_id) VALUES ('yellow spoon', 200.00, 4, 2);
INSERT INTO items (name, price, category_id, warehouse_id) VALUES ('white spoon', 200.00, 4, 2);
INSERT INTO items (name, price, category_id, warehouse_id) VALUES ('yellow fork', 200.00, 4, 2);
INSERT INTO items (name, price, category_id, warehouse_id) VALUES ('red fork', 200.00, 4, 2);
INSERT INTO items (name, price, category_id, warehouse_id) VALUES ('black fork', 200.00, 4, 2);
INSERT INTO items (name, price, category_id, warehouse_id) VALUES ('green fork', 200.00, 4, 2);
INSERT INTO items (name, price, category_id, warehouse_id) VALUES ('blue fork', 200.00, 4, 2);
INSERT INTO items (name, price, category_id, warehouse_id) VALUES ('brown fork', 200.00, 4, 2);
INSERT INTO items (name, price, category_id, warehouse_id) VALUES ('yellow blinds', 200.00, 4, 3);
INSERT INTO items (name, price, category_id, warehouse_id) VALUES ('red blinds', 200.00, 4, 3);
INSERT INTO items (name, price, category_id, warehouse_id) VALUES ('green blinds', 200.00, 4, 3);
INSERT INTO items (name, price, category_id, warehouse_id) VALUES ('black blinds', 200.00, 4, 3);
INSERT INTO items (name, price, category_id, warehouse_id) VALUES ('white blinds', 200.00, 4, 3);
INSERT INTO items (name, price, category_id, warehouse_id) VALUES ('brown blinds', 200.00, 4, 3);
INSERT INTO items (name, price, category_id, warehouse_id) VALUES ('grey sofa', 200.00, 4, 3);
INSERT INTO items (name, price, category_id, warehouse_id) VALUES ('red sofa', 200.00, 4, 3);
INSERT INTO items (name, price, category_id, warehouse_id) VALUES ('yellow rod', 200.00, 5, 3);
INSERT INTO items (name, price, category_id, warehouse_id) VALUES ('black rod', 200.00, 5, 3);
INSERT INTO items (name, price, category_id, warehouse_id) VALUES ('tent', 200.00, 5, 3);
INSERT INTO items (name, price, category_id, warehouse_id) VALUES ('boat', 200.00, 5, 3);
INSERT INTO items (name, price, category_id, warehouse_id) VALUES ('knapsack', 200.00, 5, 3);
INSERT INTO items (name, price, category_id, warehouse_id) VALUES ('jackboots', 200.00, 5, 3);
INSERT INTO items (name, price, category_id, warehouse_id) VALUES ('quilted jacket', 200.00, 5, 3);
 
INSERT INTO providers (name) VALUES ('Provider 1');
INSERT INTO providers (name) VALUES ('Provider 2');
INSERT INTO providers (name) VALUES ('Provider 3');
INSERT INTO providers (name) VALUES ('Provider 4');
INSERT INTO providers (name) VALUES ('Provider 5');
 
INSERT INTO items_providers (item_id, provider_id) VALUES (1, 1);
INSERT INTO items_providers (item_id, provider_id) VALUES (2, 2);
INSERT INTO items_providers (item_id, provider_id) VALUES (3, 2);
INSERT INTO items_providers (item_id, provider_id) VALUES (4, 1);
INSERT INTO items_providers (item_id, provider_id) VALUES (5, 3);
INSERT INTO items_providers (item_id, provider_id) VALUES (6, 1);
INSERT INTO items_providers (item_id, provider_id) VALUES (7, 3);
INSERT INTO items_providers (item_id, provider_id) VALUES (8, 1);
INSERT INTO items_providers (item_id, provider_id) VALUES (9, 1);
INSERT INTO items_providers (item_id, provider_id) VALUES (10, 2);
INSERT INTO items_providers (item_id, provider_id) VALUES (11, 2);
INSERT INTO items_providers (item_id, provider_id) VALUES (12, 1);
INSERT INTO items_providers (item_id, provider_id) VALUES (13, 3);
INSERT INTO items_providers (item_id, provider_id) VALUES (14, 2);
INSERT INTO items_providers (item_id, provider_id) VALUES (15, 1);
INSERT INTO items_providers (item_id, provider_id) VALUES (16, 1);
INSERT INTO items_providers (item_id, provider_id) VALUES (17, 3);
INSERT INTO items_providers (item_id, provider_id) VALUES (18, 1);
INSERT INTO items_providers (item_id, provider_id) VALUES (19, 3);
INSERT INTO items_providers (item_id, provider_id) VALUES (20, 3);
INSERT INTO items_providers (item_id, provider_id) VALUES (21, 3);
INSERT INTO items_providers (item_id, provider_id) VALUES (22, 1);
INSERT INTO items_providers (item_id, provider_id) VALUES (23, 2);
INSERT INTO items_providers (item_id, provider_id) VALUES (24, 2);
INSERT INTO items_providers (item_id, provider_id) VALUES (25, 1);
INSERT INTO items_providers (item_id, provider_id) VALUES (26, 2);
INSERT INTO items_providers (item_id, provider_id) VALUES (27, 3);
INSERT INTO items_providers (item_id, provider_id) VALUES (28, 1);
INSERT INTO items_providers (item_id, provider_id) VALUES (29, 1);
INSERT INTO items_providers (item_id, provider_id) VALUES (30, 3);
INSERT INTO items_providers (item_id, provider_id) VALUES (31, 1);
INSERT INTO items_providers (item_id, provider_id) VALUES (32, 3);
INSERT INTO items_providers (item_id, provider_id) VALUES (33, 3);
INSERT INTO items_providers (item_id, provider_id) VALUES (34, 2);
INSERT INTO items_providers (item_id, provider_id) VALUES (35, 2);
INSERT INTO items_providers (item_id, provider_id) VALUES (36, 3);
INSERT INTO items_providers (item_id, provider_id) VALUES (37, 3);
INSERT INTO items_providers (item_id, provider_id) VALUES (38, 1);
INSERT INTO items_providers (item_id, provider_id) VALUES (39, 1);
INSERT INTO items_providers (item_id, provider_id) VALUES (40, 3);
INSERT INTO items_providers (item_id, provider_id) VALUES (41, 3);
INSERT INTO items_providers (item_id, provider_id) VALUES (42, 1);
INSERT INTO items_providers (item_id, provider_id) VALUES (1, 3);
INSERT INTO items_providers (item_id, provider_id) VALUES (7, 1);
INSERT INTO items_providers (item_id, provider_id) VALUES (7, 2);